<?xml version="1.0" encoding="UTF-8"?>
<!DOCTYPE mapper PUBLIC "-//mybatis.org//DTO Mapper 3.0//EN" "http://mybatis.org/dtd/mybatis-3-mapper.dtd">

<mapper namespace="com.mbcit.k20250121_1_springBoot_Mybatis_Param.dao.SimpleBbsDAO">

	<!--
		Mybatis에서 sql 명령에 동적으로 변경되는 부분의 데이터를 전달하는 방법은 4가지가 있다.
		방법1. param1, param2, param3, ...과 같이 param 변수 뒤의 숫자를 늘려 가면서 #{}에 적어서 사용하는 방법
		방법2. 0부터 시작하는 인덱스를 사용해서 #{}에 적어서 사용하는 방법
		방법3. @Param 어노테이션을 사용해서 이름을 지정해서 #{}에 적어서 사용하는 방법
		방법4. 다량의 데이터가 저장된 객체를 받을 때 객체를 구성하는 멤버 이름을 #{}에 적어서 사용하는 방법
	-->

	<!-- 방법1 -->
	<insert id="insert" parameterType="vo">
		insert into simplebbs (idx, name, title, content) 
		values (simplebbs_idx_seq.nextval, #{param1}, #{param2}, #{param3})
	</insert>

	<select id="selectList" resultType="vo">
		select * from simplebbs order by idx desc
	</select>
	
	<!-- 방법2 -->
	<select id="selectByIdx" parameterType="int" resultType="vo">
		select * from simplebbs where idx = #{0}
	</select>
	
	<!-- 방법3 -->
	<delete id="delete" parameterType="int">
		delete from simplebbs where idx = #{id}
	</delete>

	<!-- 방법4 -->
	<update id="update" parameterType="vo">
		update simplebbs set title = #{title}, content = #{content} where idx = #{idx}
	</update>

</mapper>





