<?xml version="1.0" encoding="UTF-8"?>
<beans xmlns="http://www.springframework.org/schema/beans"
	xmlns:xsi="http://www.w3.org/2001/XMLSchema-instance"
	xsi:schemaLocation="http://www.springframework.org/schema/beans http://www.springframework.org/schema/beans/spring-beans.xsd">

	<!-- 기본 생성자를 이용해서 Student 클래스의 bean을 만든다. -->
	<bean id="student" class="com.mbcit.springDI_xml_constructor.Student">
		<property name="name" value="홍길동"></property>
		<property name="age" value="13"></property>
		<property name="gradeNum" value="6"></property>
		<property name="classNum" value="13"></property>
	</bean>
	
	<!-- 기본 생성자를 이용해서 StudentInfo 클래스의 bean을 만든다. -->
	<bean id="studentInfo" class="com.mbcit.springDI_xml_constructor.StudentInfo">
		<property name="student" ref="student"></property>
	</bean>

	<!--
		Student(String name, int age, int gradeNum, int classNum) 생성자를 이용해서 Student 클래스의
		bean을 만든다.
		<constructor-arg> 태그를 사용해서 생성자의 인수로 멤버를 초기화시킬 데이터를 전달할 수 있다.
		<property> 태그는 name 속성에 setter를 실행할 멤버의 이름을 지정하므로 초기화시키는 순서가
		중요하지 않지만 <constructor-arg> 태그로 생성자를 이용해서 초기화시킬 경우에는 반드시 인수의
		개수와 데이터 타입의 순서를 일치시켜야 한다.	
	-->
	<bean id="student2" class="com.mbcit.springDI_xml_constructor.Student">
		<constructor-arg>
			<value>임꺽정</value>
		</constructor-arg>
		<constructor-arg value="11"></constructor-arg>
		<constructor-arg value="4"></constructor-arg>
		<constructor-arg value="3"></constructor-arg>
	</bean>
	
	<!-- StudentInfo(Student student) 생성자를 이용해서 StudentInfo 클래스의 bean을 만든다. -->
	<bean id="studentInfo2" class="com.mbcit.springDI_xml_constructor.StudentInfo">
		<constructor-arg ref="student2"></constructor-arg>
	</bean>

</beans>














