<?xml version="1.0" encoding="UTF-8"?>
<beans xmlns="http://www.springframework.org/schema/beans"
	xmlns:xsi="http://www.w3.org/2001/XMLSchema-instance"
	xmlns:c="http://www.springframework.org/schema/c"
	xmlns:p="http://www.springframework.org/schema/p"
	xsi:schemaLocation="http://www.springframework.org/schema/beans http://www.springframework.org/schema/beans/spring-beans.xsd">

	<bean id="student5" class="com.mbcit.springDI_xml_namespace.Student">
		<constructor-arg value="장길산"></constructor-arg>
		<constructor-arg value="20"></constructor-arg>
		<constructor-arg>
			<list>
				<value>java 공부</value>
				<value>jsp 공부</value>
				<value>spring 공부</value>
			</list>
		</constructor-arg>
		<property name="height" value="178"></property>
		<property name="weight" value="78"></property>
	</bean>
	
	<!-- Family 클래스 bean 설정 -->
	<bean id="family" class="com.mbcit.springDI_xml_namespace.Family">
		<constructor-arg value="홍아빠"></constructor-arg>
		<constructor-arg value="홍엄마"></constructor-arg>
		<property name="sistername" value="홍언니"></property>
		<property name="brothername" value="홍오빠"></property>
	</bean>
	
	<!--
		c Namespace, p Namespace를 사용하려면 xml 파일 코드 편집창 아래의 Source 탭을 Namespaces 탭으로
		변경하고 c Namespace, p Namespace에 체크하고 Source 창으로 돌아오면 아래와 같은 내용이 자동으로
		입력되는 것을 확인할 수 있다.
		xmlns:c="http://www.springframework.org/schema/c" => <constructor-arg>, 생성자
		xmlns:p="http://www.springframework.org/schema/p" => <property>, setter
		c Namespace는 <constructor-arg> 태그 역할을 하고 p Namespace는 <property> 태그 역할을 한다.
		<constructor-arg>, <property>는 <bean> ~ </bean> 사이에 코딩하고 c Namespace, p Namespace는
		<bean> 태그 내부에 코딩한다.
	-->
	<bean id="family2" class="com.mbcit.springDI_xml_namespace.Family" 
		c:papaname="홍길동" 
		c:maminame="홍엄마" 
		p:sistername="홍언니" 
		p:brothername="홍오빠"
	></bean>
	
</beans>

















