<?xml version="1.0" encoding="UTF-8"?>
<beans xmlns="http://www.springframework.org/schema/beans"
	xmlns:xsi="http://www.w3.org/2001/XMLSchema-instance"
	xsi:schemaLocation="http://www.springframework.org/schema/beans http://www.springframework.org/schema/beans/spring-beans.xsd">

	<bean id="student" class="com.mbcit.springDI_xml_namespace.Student">
		<constructor-arg value="홍길동"></constructor-arg>
		<constructor-arg value="20"></constructor-arg>
		<constructor-arg>
			<list>
				<value>java 공부</value>
				<value>jsp 공부</value>
				<value>spring 공부</value>
			</list>
		</constructor-arg>
		<property name="height" value="178"></property>
		<property name="weight" value="78"></property>
	</bean>

	<bean id="studentInfo" class="com.mbcit.springDI_xml_namespace.StudentInfo">
		<!-- <property name="student" ref="student"></property> -->
		<constructor-arg ref="student"></constructor-arg>
	</bean>

	<bean id="student3" class="com.mbcit.springDI_xml_namespace.Student">
		<constructor-arg value="홍길동"></constructor-arg>
		<constructor-arg value="20"></constructor-arg>
		<constructor-arg>
			<list>
				<value>java 공부</value>
				<value>jsp 공부</value>
				<value>spring 공부</value>
			</list>
		</constructor-arg>
		<property name="height" value="178"></property>
		<property name="weight" value="78"></property>
	</bean>

	<bean id="student4" class="com.mbcit.springDI_xml_namespace.Student">
		<constructor-arg value="임꺽정"></constructor-arg>
		<constructor-arg value="20"></constructor-arg>
		<constructor-arg>
			<list>
				<value>java 공부</value>
				<value>jsp 공부</value>
				<value>spring 공부</value>
			</list>
		</constructor-arg>
		<property name="height" value="178"></property>
		<property name="weight" value="78"></property>
	</bean>

</beans>











