<?xml version="1.0" encoding="UTF-8"?>
<!DOCTYPE mapper PUBLIC "-//mybatis.org//DTO Mapper 3.0//EN" "http://mybatis.org/dtd/mybatis-3-mapper.dtd">

<mapper namespace="com.mbcit.k20250121_2_springBoot_Mybatis_ResultNum.dao.SimpleBbsDAO">

	<insert id="insert" parameterType="vo">
		insert into simplebbs (idx, name, title, content) 
		values (simplebbs_idx_seq.nextval, #{param1}, #{param2}, #{param3})
	</insert>

	<select id="selectList" resultType="vo">
		select * from simplebbs order by idx desc
	</select>
	
	<select id="selectByIdx" parameterType="int" resultType="vo">
		select * from simplebbs where idx = #{0}
	</select>
	
	<delete id="delete" parameterType="int">
		delete from simplebbs where idx = #{id}
	</delete>

	<update id="update" parameterType="vo">
		update simplebbs set title = #{title}, content = #{content} where idx = #{idx}
	</update>
	
	<select id="selectCount" resultType="int">
		select count(*) from simplebbs
	</select>

</mapper>





