<?xml version="1.0" encoding="UTF-8"?>
<beans:beans xmlns="http://www.springframework.org/schema/mvc"
	xmlns:xsi="http://www.w3.org/2001/XMLSchema-instance"
	xmlns:beans="http://www.springframework.org/schema/beans"
	xmlns:context="http://www.springframework.org/schema/context"
	xsi:schemaLocation="http://www.springframework.org/schema/mvc https://www.springframework.org/schema/mvc/spring-mvc.xsd
		http://www.springframework.org/schema/beans https://www.springframework.org/schema/beans/spring-beans.xsd
		http://www.springframework.org/schema/context https://www.springframework.org/schema/context/spring-context.xsd">

	<!-- DispatcherServlet Context: defines this servlet's request-processing infrastructure -->
	
	<!-- Enables the Spring MVC @Controller programming model -->
	<annotation-driven />

	<!-- Handles HTTP GET requests for /resources/** by efficiently serving up static resources in the ${webappRoot}/resources directory -->
	<resources mapping="/resources/**" location="/resources/" />

	<!-- Resolves views selected for rendering by @Controllers to .jsp resources in the /WEB-INF/views directory -->
	<beans:bean class="org.springframework.web.servlet.view.InternalResourceViewResolver">
		<beans:property name="prefix" value="/WEB-INF/views/" />
		<beans:property name="suffix" value=".jsp" />
	</beans:bean>
	
	<context:component-scan base-package="com.mbcit.springWEB_Transaction" />
	
	<!-- 데이터베이스 연결 정보를 설정한다. -->
	<beans:bean name="dataSource" class="org.springframework.jdbc.datasource.DriverManagerDataSource">
		<beans:property name="driverClassName" value="oracle.jdbc.driver.OracleDriver"/>
		<beans:property name="url" value="jdbc:oracle:thin:@localhost:1521:xe"/>
		<beans:property name="username" value="mbcit"/>
		<beans:property name="password" value="0000"/>
	</beans:bean>
	
	<!-- 데이터베이스 연결 정보를 참조해서 데이터베이스와 연결한다. -->
	<beans:bean name="template" class="org.springframework.jdbc.core.JdbcTemplate">
		<beans:property name="dataSource" ref="dataSource"/>
	</beans:bean>
	
	<!-- 트랜잭션을 사용하기 위해서 DataSourceTransactionManager 클래스의 bean 설정 -->
	<beans:bean name="transactionManager" class="org.springframework.jdbc.datasource.DataSourceTransactionManager">
		<beans:property name="dataSource" ref="dataSource"/>
	</beans:bean>
	
	<!-- TransacionDAO 클래스의 bean을 설정하고 template에 JdbcTemplate bean을 주입한다. -->
	<beans:bean name="dao" class="com.mbcit.springWEB_Transaction.dao.TransactionDAO">
		<beans:property name="template" ref="template"/>
		<!--
			트랜잭션 처리를 위한 PlatformTransactionManager 인터페이스 객체를 DataSourceTransactionManager
			클래스의 bean으로 초기화 한다.
		-->
		<beans:property name="transactionManager" ref="transactionManager"/>
	</beans:bean>
	
</beans:beans>









