<?xml version="1.0" encoding="UTF-8"?>
<beans xmlns="http://www.springframework.org/schema/beans"
	xmlns:xsi="http://www.w3.org/2001/XMLSchema-instance"
	xsi:schemaLocation="http://www.springframework.org/schema/beans http://www.springframework.org/schema/beans/spring-beans.xsd">

	<!-- 기본 생성자로 bean을 만들고 setter 메소드로 멤버를 초기화시킨다. -->
	<bean id="person" class="com.mbcit.springLifeCycle.Person">
		<property name="name" value="홍길동"></property>
		<property name="age" value="20"></property>
	</bean>
	
	<!-- name, age를 넘겨받는 생성자로 bean을 만들과 멤버를 초기화시킨다. -->
	<bean id="person2" class="com.mbcit.springLifeCycle.Person">
		<constructor-arg value="임꺽정"></constructor-arg>
		<constructor-arg value="35"></constructor-arg>
	</bean>

</beans>
