<?xml version="1.0" encoding="UTF-8"?>
<beans xmlns="http://www.springframework.org/schema/beans"
	xmlns:xsi="http://www.w3.org/2001/XMLSchema-instance"
	xmlns:context="http://www.springframework.org/schema/context"
	xsi:schemaLocation="http://www.springframework.org/schema/beans http://www.springframework.org/schema/beans/spring-beans.xsd
		http://www.springframework.org/schema/context http://www.springframework.org/schema/context/spring-context-3.1.xsd">

	<!--
		xml 파일에서 java 파일의 bean 설정 정보를 읽어오려면 java 파일에서 @Bean 어노테이션을 붙여서 설정한
		정보를 읽어올 수 있게해야 한다. 
		context Namespace를 추가하면 xml 파일에 xmlns:context="http://www.springframework.org/schema/context"가
		자동으로 추가된다.
		context Namespace를 추가한 후 <context:annotation-config> 태그를 추가하면 @Bean 어노테이션을 붙여서
		java 파일에서 설정한 bean 설정 정보를 읽어올 수 있다.
	-->
	<context:annotation-config></context:annotation-config>

	<!--
		@Bean 어노테이션을 붙여서 설정한 java 클래스의 bean을 만든다.
		java 파일의 @Bean 어노테이션을 붙여준 메소드 이름이 id 역할을 하므로 id 속성은 지정하지 않는다.
	-->
	<bean class="com.mbcit.springDI_xml_in_java.ApplicationConfig"></bean>

	<bean id="student" class="com.mbcit.springDI_xml_in_java.Student">
		<constructor-arg value="홍길동"></constructor-arg>
		<constructor-arg value="20"></constructor-arg>
		<constructor-arg>
			<list>
				<value>등산</value>
				<value>바둑</value>
				<value>낚시</value>
			</list>
		</constructor-arg>
		<property name="height" value="178"></property>
		<property name="weight" value="140"></property>
	</bean>

</beans>
