<?xml version="1.0" encoding="UTF-8"?>
<beans:beans xmlns="http://www.springframework.org/schema/mvc"
	xmlns:xsi="http://www.w3.org/2001/XMLSchema-instance"
	xmlns:beans="http://www.springframework.org/schema/beans"
	xmlns:context="http://www.springframework.org/schema/context"
	xsi:schemaLocation="http://www.springframework.org/schema/mvc https://www.springframework.org/schema/mvc/spring-mvc.xsd
		http://www.springframework.org/schema/beans https://www.springframework.org/schema/beans/spring-beans.xsd
		http://www.springframework.org/schema/context https://www.springframework.org/schema/context/spring-context.xsd">

	<!-- DispatcherServlet Context: defines this servlet's request-processing infrastructure -->
	
	<!-- Enables the Spring MVC @Controller programming model -->
	<annotation-driven />

	<!-- Handles HTTP GET requests for /resources/** by efficiently serving up static resources in the ${webappRoot}/resources directory -->
	<resources mapping="/resources/**" location="/resources/" />
	<resources mapping="/images/**" location="/WEB-INF/images/" />
	<resources mapping="/css/**" location="/WEB-INF/css/" />
	<resources mapping="/js/**" location="/WEB-INF/js/" />

	<!-- Resolves views selected for rendering by @Controllers to .jsp resources in the /WEB-INF/views directory -->
	<beans:bean class="org.springframework.web.servlet.view.InternalResourceViewResolver">
		<beans:property name="prefix" value="/WEB-INF/views/" />
		<beans:property name="suffix" value=".jsp" />
	</beans:bean>
	
	<context:component-scan base-package="com.mbcit.springWEB_DBCP_board" />
	
	<!-- 데이터베이스 연결 정보를 설정하는 DriverManagerDataSource 클래스의 bean을 설정한다. -->
	<beans:bean name="dataSource" class="org.springframework.jdbc.datasource.DriverManagerDataSource">
		<beans:property name="driverClassName" value="oracle.jdbc.driver.OracleDriver"/>
		<beans:property name="url" value="jdbc:oracle:thin:@localhost:1521:xe"/>
		<beans:property name="username" value="mbcit"/>
		<beans:property name="password" value="0000"/>
	</beans:bean>
	
	<!-- 여기부터 -->
	<!-- JdbcTemplate을 사용하기 위해 JdbcTemplat 클래스의 bean을 설정한다. -->
	<!--
	<beans:bean name="template" class="org.springframework.jdbc.core.JdbcTemplate">
		<beans:property name="dataSource" ref="dataSource"/>
	</beans:bean>
	-->
	<!-- 여기까지 mybatis로 변환이 완료되면 주석으로 처리한다. -->
	
	<!--
		Mybatis mapper를 사용하기 위해서 데이터베이스 연결 정보, 데이터베이스에 연결한 후 실행할
		sql 명령이 저장된 xml 파일의 경로, typeAliease를 설정하는 SqlSessionFactoryBean 클래스의
		bean을 설정한다.
	-->
	<beans:bean id="sqlSessionFactory" class="org.mybatis.spring.SqlSessionFactoryBean">
		<!-- 데이터베이스 연결 정보를 설정한다. -->
		<beans:property name="dataSource" ref="dataSource"></beans:property>
		<!-- 데이터베이스와 연결된 후 실행할 sql 명령이 저장된 xml 파일의 경로를 설정한다. -->
		<beans:property name="mapperLocations" value="classpath:com/mbcit/springWEB_DBCP_board/dao/*.xml"></beans:property>
		<!-- 필요하다면 typeAliease 설정 정보가 저장된 xml 파일의 경로를 설정한다. -->
		<beans:property name="configLocation" value="classpath:mybatis-config.xml"></beans:property>
	</beans:bean>
	
	<!--
		데이터베이스 연결 정보, 데이터베이스에 연결한 후 실행할 sql 명령이 저장된 xml 파일의 경로,
		typeAliease 설정 정보가 저장된 xml 파일의 경로가 설정된 SqlSessionFactoryBean 클래스의 bean을
		참조해서 Mybatis mapper를 만드는 SqlSessionTemplate 클래스의 bean을 생성한다.
	-->
	<beans:bean id="sqlSession" class="org.mybatis.spring.SqlSessionTemplate">
		<beans:constructor-arg index="0" ref="sqlSessionFactory"></beans:constructor-arg>
	</beans:bean>
	
</beans:beans>














