<?xml version="1.0" encoding="UTF-8"?>
<!DOCTYPE mapper PUBLIC "-//mybatis.org//DTO Mapper 3.0//EN" "http://mybatis.org/dtd/mybatis-3-mapper.dtd">

<mapper namespace="com.mbcit.k20250120_2_springBoot_Mybatis_SimpleBBS.dao.SimpleBbsDAO">

	<!-- <insert id="insert" parameterType="com.mbcit.k20250120_2_springBoot_Mybatis_SimpleBBS.vo.SimpleBbsVO"> -->
	<!-- mybatis.type-aliases-package -->
	<!-- <insert id="insert" parameterType="SimpleBbsVO"> -->
	<!-- mybatis.config-location -->
	<insert id="insert" parameterType="vo">
		insert into simplebbs (idx, name, title, content) 
		values (simplebbs_idx_seq.nextval, #{name}, #{title}, #{content})
	</insert>

	<select id="selectList" resultType="vo">
		select * from simplebbs order by idx desc
	</select>
	
	<select id="selectByIdx" parameterType="int" resultType="vo">
		select * from simplebbs where idx = #{idx}
	</select>

	<update id="update" parameterType="vo">
		update simplebbs set title = #{title}, content = #{content} where idx = #{idx}
	</update>
	
	<delete id="delete" parameterType="int">
		delete from simplebbs where idx = #{idx}
	</delete>

</mapper>





