<?xml version="1.0" encoding="UTF-8"?>
<beans xmlns="http://www.springframework.org/schema/beans"
	xmlns:xsi="http://www.w3.org/2001/XMLSchema-instance"
	xsi:schemaLocation="http://www.springframework.org/schema/beans http://www.springframework.org/schema/beans/spring-beans.xsd">

	<!--
		<beans> ~ </beans> 내부에 <bean> 태그를 이용해서 클래스의 객체(bean)를 생성한다.
		id 속성에 생성할 객체의 이름을 적는다.
		class 속성에 객체를 생성할 클래스의 이름을 반드시 풀 패키지 이름과 함께 적어야 한다.
	-->
	
	<!--
		MyCalculator 클래스 객체를 만든다.
		MyCalculator myCalculator = new MyCalculator()와 같은 기능이 실행된다.
	-->
	<bean id="myCalculator" class="com.mbcit.springDI_xml_setter.MyCalculator">
	
		<!--
			생성된 객체의 멤버들을 초기화 하려면 <bean> ~ </bean> 내부에서 하면된다.
			setter 메소드나 생성자를 이용해서 객체의 멤버들을 초기화 시킬 수 있다.
			
			<property> 태그를 이용해서 setter 메소드를 실행하고 멤버를 초기화 시킨다.
			name 속성에 setter 메소드를 실행할 멤버 이름을 적는다.
			value 속성 또는 <value> 태그에 멤버를 초기화 시킬 값을 적는다.
		-->
		
		<!--
			기본 자료형으로 선언한 멤버 초기화 방법 1 => value 속성 사용
			myCalculator.setFirstNum(8)와 같은 기능이 실행된다.
		-->
		<property name="firstNum" value="8"></property>
		
		<!--
			기본 자료형으로 선언한 멤버 초기화 방법 2 => <value> 태그 사용
			myCalculator.setSecondNum(5)와 같은 기능이 실행된다.
		-->
		<property name="secondNum">
			<value>5</value>
		</property>
	
		<!--
			클래스로 만든 멤버 => 참조(reference) 변수 => 객체가 생성된 주소를 기억한다.
			클래스 객체로 선언한 멤버 초기화 방법 1 => ref 속성 사용
			myCalculator.setCalculator(calculator)와 같은 기능이 실행된다.
		-->
		<!-- <property name="calculator" ref="calculator"></property> -->
		
		<!-- 클래스 객체로 선언한 멤버 초기화 방법 2 => <ref> 태그 사용 -->
		<property name="calculator">
			<ref bean="calculator"/>
		</property>
	
	</bean>

	<!--
		Calculator 클래스의 객체를 만든다.
		Calculator calculator = new Calculator()와 같은 기능이 실행된다.
	-->
	<bean id="calculator" class="com.mbcit.springDI_xml_setter.Calculator"></bean>

</beans>










